{
	"info": {
		"_postman_id": "461c94a6-b62e-4580-bfa6-5d76a44fc8ac",
		"name": "TweetApp",
		"schema": "https://schema.getpostman.com/json/collection/v2.1.0/collection.json"
	},
	"item": [
		{
			"name": "User Controller",
			"item": [
				{
					"name": "api/UserLogin",
					"request": {
						"method": "POST",
						"header": [],
						"body": {
							"mode": "raw",
							"raw": "{\r\n    \"email\":\"test@gmail.com\"\r\n    \"password\":\"test123\"\r\n}"
						},
						"url": {
							"raw": "https://localhost:44341/api/UserLogin",
							"protocol": "https",
							"host": [
								"localhost"
							],
							"port": "44341",
							"path": [
								"api",
								"UserLogin"
							]
						}
					},
					"response": []
				},
				{
					"name": "api/RegisterUser",
					"request": {
						"method": "POST",
						"header": [],
						"body": {
							"mode": "raw",
							"raw": "{\r\n    \"email\":\"test@gmail.com\"\r\n    \"password\":\"test123\"\r\n}"
						},
						"url": {
							"raw": "https://localhost:44341/api/RegisterUser",
							"protocol": "https",
							"host": [
								"localhost"
							],
							"port": "44341",
							"path": [
								"api",
								"RegisterUser"
							]
						}
					},
					"response": []
				},
				{
					"name": "api/ChangePassword/1",
					"request": {
						"method": "PUT",
						"header": [],
						"body": {
							"mode": "raw",
							"raw": "{\r\n    \"oldpassword\":\"Mshaik@1996\",\r\n    \"newpassword\":\"test111\"\r\n}",
							"options": {
								"raw": {
									"language": "json"
								}
							}
						},
						"url": {
							"raw": "https://localhost:44341/api/ChangePassword/1",
							"protocol": "https",
							"host": [
								"localhost"
							],
							"port": "44341",
							"path": [
								"api",
								"ChangePassword",
								"1"
							]
						}
					},
					"response": []
				},
				{
					"name": "api/ResetPassword",
					"request": {
						"method": "PUT",
						"header": [],
						"body": {
							"mode": "raw",
							"raw": "{\r\n    \"email\":\"test@gmail.com\",\r\n    \"oldpassword\":\"2021-03-31\",\r\n    \"newpassword\" : \"reste\"\r\n}",
							"options": {
								"raw": {
									"language": "json"
								}
							}
						},
						"url": {
							"raw": "https://localhost:44341/api/ResetPassword",
							"protocol": "https",
							"host": [
								"localhost"
							],
							"port": "44341",
							"path": [
								"api",
								"ResetPassword"
							]
						}
					},
					"response": []
				},
				{
					"name": "api/GetUserDetailsById/{id}",
					"protocolProfileBehavior": {
						"disableBodyPruning": true
					},
					"request": {
						"method": "GET",
						"header": [],
						"body": {
							"mode": "raw",
							"raw": "{\r\n    \"email\":\"test@gmail.com\",\r\n    \"dob\":\"2021-03-31\",\r\n    \"password\" : \"reste\"\r\n}",
							"options": {
								"raw": {
									"language": "json"
								}
							}
						},
						"url": {
							"raw": "https://localhost:44341/api/GetUserDetailsById/2",
							"protocol": "https",
							"host": [
								"localhost"
							],
							"port": "44341",
							"path": [
								"api",
								"GetUserDetailsById",
								"2"
							]
						}
					},
					"response": []
				},
				{
					"name": "api/GetAllUsersdeatils",
					"request": {
						"method": "GET",
						"header": [],
						"url": {
							"raw": "https://localhost:44341/api/GetAllUsersdeatils",
							"protocol": "https",
							"host": [
								"localhost"
							],
							"port": "44341",
							"path": [
								"api",
								"GetAllUsersdeatils"
							]
						}
					},
					"response": []
				}
			],
			"protocolProfileBehavior": {}
		},
		{
			"name": "Tweet Controller",
			"item": [
				{
					"name": "api/CreateTweet",
					"request": {
						"method": "POST",
						"header": [],
						"body": {
							"mode": "raw",
							"raw": "{\r\n    \"tweetDesc\":\"My first Tweet through PostMan\",\r\n    \"userId\":1\r\n}",
							"options": {
								"raw": {
									"language": "json"
								}
							}
						},
						"url": {
							"raw": "https://localhost:44341/api/CreateTweet",
							"protocol": "https",
							"host": [
								"localhost"
							],
							"port": "44341",
							"path": [
								"api",
								"CreateTweet"
							]
						}
					},
					"response": []
				},
				{
					"name": "api/GetAllTweetsdesc",
					"protocolProfileBehavior": {
						"disableBodyPruning": true
					},
					"request": {
						"method": "GET",
						"header": [],
						"body": {
							"mode": "raw",
							"raw": "{\r\n    \"tweetDesc\":\"My first Tweet through PostMan\",\r\n    \"userId\":1\r\n}",
							"options": {
								"raw": {
									"language": "json"
								}
							}
						},
						"url": {
							"raw": "https://localhost:44341/api/GetAllTweetsdesc",
							"protocol": "https",
							"host": [
								"localhost"
							],
							"port": "44341",
							"path": [
								"api",
								"GetAllTweetsdesc"
							]
						}
					},
					"response": []
				},
				{
					"name": "api/GetTweetsdescByUserId/{id}",
					"protocolProfileBehavior": {
						"disableBodyPruning": true
					},
					"request": {
						"method": "GET",
						"header": [],
						"body": {
							"mode": "raw",
							"raw": "{\r\n    \"tweetDesc\":\"My first Tweet through PostMan\",\r\n    \"userId\":1\r\n}",
							"options": {
								"raw": {
									"language": "json"
								}
							}
						},
						"url": {
							"raw": "https://localhost:44341/api/GetTweetsdescByUserId/4",
							"protocol": "https",
							"host": [
								"localhost"
							],
							"port": "44341",
							"path": [
								"api",
								"GetTweetsdescByUserId",
								"4"
							]
						}
					},
					"response": []
				},
				{
					"name": "api/GetTweetByTweetId/{id}",
					"protocolProfileBehavior": {
						"disableBodyPruning": true
					},
					"request": {
						"method": "GET",
						"header": [],
						"body": {
							"mode": "raw",
							"raw": "{\r\n    \"tweetDesc\":\"My first Tweet through PostMan\",\r\n    \"userId\":1\r\n}",
							"options": {
								"raw": {
									"language": "json"
								}
							}
						},
						"url": {
							"raw": "https://localhost:44341/api/GetTweetByTweetId/3",
							"protocol": "https",
							"host": [
								"localhost"
							],
							"port": "44341",
							"path": [
								"api",
								"GetTweetByTweetId",
								"3"
							]
						}
					},
					"response": []
				}
			],
			"protocolProfileBehavior": {}
		}
	],
	"protocolProfileBehavior": {}
}